{
    "TP-base": 3853,
    "TP-comp": 3853,
    "FP": 323,
    "FN": 263,
    "precision": 0.9226532567049809,
    "recall": 0.9361030126336248,
    "f1": 0.9293294741919923,
    "base cnt": 4116,
    "comp cnt": 4176,
    "TP-comp_TP-gt": 3819,
    "TP-comp_FP-gt": 34,
    "TP-base_TP-gt": 3819,
    "TP-base_FP-gt": 34,
    "gt_concordance": 0.9911757072411108,
    "gt_matrix": {
        "(1, 1)": {
            "(1, 1)": 1481,
            "(0, 1)": 14
        },
        "(0, 1)": {
            "(0, 1)": 2338,
            "(1, 1)": 20
        }
    }
}