{
    "TP-base": 4943,
    "TP-comp": 4943,
    "FP": 789,
    "FN": 338,
    "precision": 0.8623517096999302,
    "recall": 0.9359969702707821,
    "f1": 0.8976663942613274,
    "base cnt": 5281,
    "comp cnt": 5732,
    "TP-comp_TP-gt": 4859,
    "TP-comp_FP-gt": 84,
    "TP-base_TP-gt": 4859,
    "TP-base_FP-gt": 84,
    "gt_concordance": 0.9830062714950435,
    "gt_matrix": {
        "(0, 1)": {
            "(0, 1)": 2425,
            "(1, 1)": 44
        },
        "(1, 1)": {
            "(1, 1)": 2434,
            "(0, 1)": 40
        }
    }
}