{
    "TP-base": 4961,
    "TP-comp": 4961,
    "FP": 501,
    "FN": 320,
    "precision": 0.9082753570120835,
    "recall": 0.9394054156409771,
    "f1": 0.9235781439076608,
    "base cnt": 5281,
    "comp cnt": 5462,
    "TP-comp_TP-gt": 4866,
    "TP-comp_FP-gt": 95,
    "TP-base_TP-gt": 4866,
    "TP-base_FP-gt": 95,
    "gt_concordance": 0.9808506349526305,
    "gt_matrix": {
        "(0, 1)": {
            "(0, 1)": 2411,
            "(1, 1)": 65
        },
        "(1, 1)": {
            "(1, 1)": 2455,
            "(0, 1)": 30
        }
    }
}