{
    "TP-base": 4939,
    "TP-comp": 4939,
    "FP": 675,
    "FN": 342,
    "precision": 0.8797648735304595,
    "recall": 0.9352395379662942,
    "f1": 0.9066544286369895,
    "base cnt": 5281,
    "comp cnt": 5614,
    "TP-comp_TP-gt": 4792,
    "TP-comp_FP-gt": 147,
    "TP-base_TP-gt": 4792,
    "TP-base_FP-gt": 147,
    "gt_concordance": 0.9702368900587164,
    "gt_matrix": {
        "(0, 1)": {
            "(0, 1)": 2334,
            "(1, 1)": 125
        },
        "(1, 1)": {
            "(1, 1)": 2458,
            "(0, 1)": 22
        }
    }
}