{
    "TP-base": 4952,
    "TP-comp": 4952,
    "FP": 563,
    "FN": 329,
    "precision": 0.8979147778785131,
    "recall": 0.9377011929558796,
    "f1": 0.9173768062245277,
    "base cnt": 5281,
    "comp cnt": 5515,
    "TP-comp_TP-gt": 4868,
    "TP-comp_FP-gt": 84,
    "TP-base_TP-gt": 4868,
    "TP-base_FP-gt": 84,
    "gt_concordance": 0.9830371567043619,
    "gt_matrix": {
        "(1, 1)": {
            "(1, 1)": 2439,
            "(0, 1)": 41
        },
        "(0, 1)": {
            "(0, 1)": 2429,
            "(1, 1)": 43
        }
    }
}