{
    "TP-base": 4829,
    "TP-comp": 4829,
    "FP": 561,
    "FN": 452,
    "precision": 0.8959183673469387,
    "recall": 0.9144101495928801,
    "f1": 0.9050698153874989,
    "base cnt": 5281,
    "comp cnt": 5390,
    "TP-comp_TP-gt": 4591,
    "TP-comp_FP-gt": 238,
    "TP-base_TP-gt": 4591,
    "TP-base_FP-gt": 238,
    "gt_concordance": 0.9507144336301512,
    "gt_matrix": {
        "(0, 1)": {
            "(0, 1)": 2146,
            "(1, 1)": 222
        },
        "(1, 1)": {
            "(1, 1)": 2445,
            "(0, 1)": 16
        }
    }
}