{
    "TP-base": 3876,
    "TP-comp": 3876,
    "FP": 348,
    "FN": 240,
    "precision": 0.9176136363636364,
    "recall": 0.9416909620991254,
    "f1": 0.9294964028776977,
    "base cnt": 4116,
    "comp cnt": 4224,
    "TP-comp_TP-gt": 3828,
    "TP-comp_FP-gt": 48,
    "TP-base_TP-gt": 3828,
    "TP-base_FP-gt": 48,
    "gt_concordance": 0.9876160990712074,
    "gt_matrix": {
        "(1, 1)": {
            "(1, 1)": 1481,
            "(0, 1)": 33
        },
        "(0, 1)": {
            "(0, 1)": 2347,
            "(1, 1)": 15
        }
    }
}