{
    "TP-base": 4953,
    "TP-comp": 4953,
    "FP": 574,
    "FN": 328,
    "precision": 0.8961461914239189,
    "recall": 0.9378905510320015,
    "f1": 0.9165433012583271,
    "base cnt": 5281,
    "comp cnt": 5527,
    "TP-comp_TP-gt": 4878,
    "TP-comp_FP-gt": 75,
    "TP-base_TP-gt": 4878,
    "TP-base_FP-gt": 75,
    "gt_concordance": 0.9848576620230164,
    "gt_matrix": {
        "(0, 1)": {
            "(0, 1)": 2441,
            "(1, 1)": 36
        },
        "(1, 1)": {
            "(1, 1)": 2437,
            "(0, 1)": 39
        }
    }
}