{
    "TP-base": 3865,
    "TP-comp": 3865,
    "FP": 341,
    "FN": 251,
    "precision": 0.9189253447456015,
    "recall": 0.9390184645286687,
    "f1": 0.9288632540254746,
    "base cnt": 4116,
    "comp cnt": 4206,
    "TP-comp_TP-gt": 3824,
    "TP-comp_FP-gt": 41,
    "TP-base_TP-gt": 3824,
    "TP-base_FP-gt": 41,
    "gt_concordance": 0.989391979301423,
    "gt_matrix": {
        "(1, 1)": {
            "(1, 1)": 1468,
            "(0, 1)": 22
        },
        "(0, 1)": {
            "(0, 1)": 2356,
            "(1, 1)": 19
        }
    }
}