{
    "TP-base": 3919,
    "TP-comp": 3919,
    "FP": 310,
    "FN": 197,
    "precision": 0.9266966185859541,
    "recall": 0.9521379980563655,
    "f1": 0.9392450569203116,
    "base cnt": 4116,
    "comp cnt": 4229,
    "TP-comp_TP-gt": 3879,
    "TP-comp_FP-gt": 40,
    "TP-base_TP-gt": 3879,
    "TP-base_FP-gt": 40,
    "gt_concordance": 0.9897933146210768,
    "gt_matrix": {
        "(1, 1)": {
            "(1, 1)": 1505,
            "(0, 1)": 12
        },
        "(0, 1)": {
            "(0, 1)": 2374,
            "(1, 1)": 28
        }
    }
}