{
    "TP-base": 4903,
    "TP-comp": 4903,
    "FP": 597,
    "FN": 378,
    "precision": 0.8914545454545455,
    "recall": 0.9284226472259042,
    "f1": 0.9095631203042389,
    "base cnt": 5281,
    "comp cnt": 5500,
    "TP-comp_TP-gt": 4753,
    "TP-comp_FP-gt": 150,
    "TP-base_TP-gt": 4753,
    "TP-base_FP-gt": 150,
    "gt_concordance": 0.9694064858250051,
    "gt_matrix": {
        "(1, 1)": {
            "(1, 1)": 2404,
            "(0, 1)": 63
        },
        "(0, 1)": {
            "(0, 1)": 2349,
            "(1, 1)": 87
        }
    }
}