{
    "TP-base": 3809,
    "TP-comp": 3809,
    "FP": 311,
    "FN": 307,
    "precision": 0.9245145631067961,
    "recall": 0.9254130223517979,
    "f1": 0.9249635745507528,
    "base cnt": 4116,
    "comp cnt": 4120,
    "TP-comp_TP-gt": 3704,
    "TP-comp_FP-gt": 105,
    "TP-base_TP-gt": 3704,
    "TP-base_FP-gt": 105,
    "gt_concordance": 0.9724337096350748,
    "gt_matrix": {
        "(0, 1)": {
            "(0, 1)": 2209,
            "(1, 1)": 89
        },
        "(1, 1)": {
            "(1, 1)": 1495,
            "(0, 1)": 16
        }
    }
}