{
    "TP-base": 3925,
    "TP-comp": 3925,
    "FP": 289,
    "FN": 191,
    "precision": 0.9314190792596109,
    "recall": 0.9535957240038873,
    "f1": 0.9423769507803121,
    "base cnt": 4116,
    "comp cnt": 4214,
    "TP-comp_TP-gt": 3888,
    "TP-comp_FP-gt": 37,
    "TP-base_TP-gt": 3888,
    "TP-base_FP-gt": 37,
    "gt_concordance": 0.9905732484076433,
    "gt_matrix": {
        "(0, 1)": {
            "(0, 1)": 2386,
            "(1, 1)": 23
        },
        "(1, 1)": {
            "(1, 1)": 1502,
            "(0, 1)": 14
        }
    }
}