{
    "TP-base": 4911,
    "TP-comp": 4911,
    "FP": 746,
    "FN": 370,
    "precision": 0.8681279830298745,
    "recall": 0.9299375118348797,
    "f1": 0.8979703784969829,
    "base cnt": 5281,
    "comp cnt": 5657,
    "TP-comp_TP-gt": 4831,
    "TP-comp_FP-gt": 80,
    "TP-base_TP-gt": 4831,
    "TP-base_FP-gt": 80,
    "gt_concordance": 0.9837100386886581,
    "gt_matrix": {
        "(0, 1)": {
            "(0, 1)": 2413,
            "(1, 1)": 40
        },
        "(1, 1)": {
            "(1, 1)": 2418,
            "(0, 1)": 40
        }
    }
}