{
    "TP-base": 4903,
    "TP-comp": 4903,
    "FP": 773,
    "FN": 378,
    "precision": 0.8638125440451022,
    "recall": 0.9284226472259042,
    "f1": 0.8949529980834171,
    "base cnt": 5281,
    "comp cnt": 5676,
    "TP-comp_TP-gt": 4812,
    "TP-comp_FP-gt": 91,
    "TP-base_TP-gt": 4812,
    "TP-base_FP-gt": 91,
    "gt_concordance": 0.9814399347338364,
    "gt_matrix": {
        "(0, 1)": {
            "(0, 1)": 2406,
            "(1, 1)": 45
        },
        "(1, 1)": {
            "(1, 1)": 2406,
            "(0, 1)": 46
        }
    }
}