{
    "TP-base": 3910,
    "TP-comp": 3910,
    "FP": 310,
    "FN": 206,
    "precision": 0.9265402843601895,
    "recall": 0.9499514091350826,
    "f1": 0.9380998080614203,
    "base cnt": 4116,
    "comp cnt": 4220,
    "TP-comp_TP-gt": 3871,
    "TP-comp_FP-gt": 39,
    "TP-base_TP-gt": 3871,
    "TP-base_FP-gt": 39,
    "gt_concordance": 0.9900255754475703,
    "gt_matrix": {
        "(1, 1)": {
            "(1, 1)": 1501,
            "(0, 1)": 12
        },
        "(0, 1)": {
            "(0, 1)": 2370,
            "(1, 1)": 27
        }
    }
}