{
    "TP-base": 3868,
    "TP-comp": 3868,
    "FP": 335,
    "FN": 248,
    "precision": 0.9202950273614086,
    "recall": 0.9397473275024295,
    "f1": 0.9299194614737348,
    "base cnt": 4116,
    "comp cnt": 4203,
    "TP-comp_TP-gt": 3834,
    "TP-comp_FP-gt": 34,
    "TP-base_TP-gt": 3834,
    "TP-base_FP-gt": 34,
    "gt_concordance": 0.9912099276111686,
    "gt_matrix": {
        "(0, 1)": {
            "(0, 1)": 2356,
            "(1, 1)": 18
        },
        "(1, 1)": {
            "(1, 1)": 1478,
            "(0, 1)": 16
        }
    }
}