{
    "TP-base": 3903,
    "TP-comp": 3903,
    "FP": 338,
    "FN": 213,
    "precision": 0.9203018156095261,
    "recall": 0.9482507288629738,
    "f1": 0.9340672490128037,
    "base cnt": 4116,
    "comp cnt": 4241,
    "TP-comp_TP-gt": 3853,
    "TP-comp_FP-gt": 50,
    "TP-base_TP-gt": 3853,
    "TP-base_FP-gt": 50,
    "gt_concordance": 0.9871893415321548,
    "gt_matrix": {
        "(0, 1)": {
            "(0, 1)": 2363,
            "(1, 1)": 30
        },
        "(1, 1)": {
            "(1, 1)": 1490,
            "(0, 1)": 20
        }
    }
}